xgb,Date
67901.93,2013-03-02
65475.758,2013-03-03
64694.113,2013-03-04
61668.42,2013-03-05
62803.105,2013-03-06
60101.17,2013-03-07
57670.375,2013-03-08
53046.984,2013-03-09
52787.152,2013-03-10
61453.77,2013-03-11
68379.555,2013-03-12
73472.06,2013-03-13
73671.91,2013-03-14
71418.77,2013-03-15
62236.344,2013-03-16
58357.453,2013-03-17
66888.48,2013-03-18
67454.234,2013-03-19
66579.28,2013-03-20
65175.227,2013-03-21
60415.465,2013-03-22
55943.074,2013-03-23
54002.484,2013-03-24
63426.117,2013-03-25
67340.88,2013-03-26
67711.9,2013-03-27
68206.25,2013-03-28
67947.836,2013-03-29
59713.72,2013-03-30
58076.31,2013-03-31
56549.066,2013-04-01
61737.29,2013-04-02
63670.797,2013-04-03
64081.555,2013-04-04
65908.766,2013-04-05
60940.87,2013-04-06
57519.8,2013-04-07
62320.664,2013-04-08
60708.33,2013-04-09
57866.215,2013-04-10
54956.613,2013-04-11
53940.42,2013-04-12
48587.52,2013-04-13
41644.406,2013-04-14
49235.1,2013-04-15
49265.695,2013-04-16
47689.836,2013-04-17
45799.32,2013-04-18
48485.03,2013-04-19
46347.73,2013-04-20
45895.523,2013-04-21
50839.02,2013-04-22
51721.676,2013-04-23
49876.477,2013-04-24
48203.594,2013-04-25
47072.723,2013-04-26
46670.19,2013-04-27
48710.79,2013-04-28
53378.18,2013-04-29
53343.79,2013-04-30
47052.465,2013-05-01
48194.1,2013-05-02
49718.715,2013-05-03
44738.312,2013-05-04
41925.137,2013-05-05
47118.04,2013-05-06
47261.44,2013-05-07
39173.414,2013-05-08
37938.145,2013-05-09
43072.3,2013-05-10
39404.55,2013-05-11
37959.754,2013-05-12
45326.57,2013-05-13
48689.258,2013-05-14
49010.164,2013-05-15
52799.28,2013-05-16
51696.758,2013-05-17
45208.777,2013-05-18
42196.445,2013-05-19
44539.1,2013-05-20
49831.016,2013-05-21
51721.79,2013-05-22
51144.57,2013-05-23
54691.207,2013-05-24
48470.03,2013-05-25
43447.21,2013-05-26
48658.2,2013-05-27
51071.31,2013-05-28
52429.39,2013-05-29
53451.508,2013-05-30
49973.137,2013-05-31
42585.76,2013-06-01
38698.492,2013-06-02
44820.33,2013-06-03
46250.69,2013-06-04
46617.293,2013-06-05
46162.96,2013-06-06
45152.81,2013-06-07
39044.48,2013-06-08
36757.164,2013-06-09
45736.664,2013-06-10
46323.99,2013-06-11
45589.17,2013-06-12
45162.277,2013-06-13
45921.66,2013-06-14
38834.508,2013-06-15
36919.46,2013-06-16
44113.492,2013-06-17
47457.812,2013-06-18
47443.05,2013-06-19
46708.977,2013-06-20
45440.54,2013-06-21
38107.773,2013-06-22
33976.082,2013-06-23
44219.74,2013-06-24
46400.13,2013-06-25
46416.117,2013-06-26
45793.86,2013-06-27
45685.91,2013-06-28
39466.38,2013-06-29
37469.97,2013-06-30
45533.92,2013-07-01
46595.453,2013-07-02
45364.91,2013-07-03
46588.145,2013-07-04
46422.125,2013-07-05
40085.664,2013-07-06
36707.695,2013-07-07
43960.254,2013-07-08
46222.113,2013-07-09
46216.54,2013-07-10
45472.777,2013-07-11
45079.824,2013-07-12
39369.953,2013-07-13
36014.53,2013-07-14
45526.016,2013-07-15
47355.37,2013-07-16
47790.727,2013-07-17
47164.203,2013-07-18
46635.5,2013-07-19
40917.555,2013-07-20
39196.316,2013-07-21
46844.465,2013-07-22
48566.438,2013-07-23
48361.03,2013-07-24
48013.363,2013-07-25
47056.777,2013-07-26
40367.26,2013-07-27
36734.523,2013-07-28
42986.76,2013-07-29
43386.566,2013-07-30
44680.293,2013-07-31
44915.05,2013-08-01
43742.203,2013-08-02
38280.055,2013-08-03
36562.734,2013-08-04
41975.56,2013-08-05
43063.164,2013-08-06
43251.977,2013-08-07
42733.863,2013-08-08
41040.17,2013-08-09
35927.414,2013-08-10
34649.36,2013-08-11
39780.082,2013-08-12
40681.617,2013-08-13
40361.996,2013-08-14
36644.176,2013-08-15
39820.953,2013-08-16
36438.676,2013-08-17
35120.54,2013-08-18
40622.34,2013-08-19
41897.484,2013-08-20
42118.668,2013-08-21
41901.203,2013-08-22
42840.402,2013-08-23
37709.273,2013-08-24
35925.855,2013-08-25
41992.26,2013-08-26
43759.0,2013-08-27
44064.637,2013-08-28
45059.008,2013-08-29
44663.043,2013-08-30
39633.992,2013-08-31
35895.145,2013-09-01
43130.176,2013-09-02
46140.902,2013-09-03
46670.93,2013-09-04
47289.926,2013-09-05
46657.027,2013-09-06
40631.734,2013-09-07
37638.133,2013-09-08
43357.85,2013-09-09
44498.21,2013-09-10
45971.43,2013-09-11
47296.953,2013-09-12
47125.883,2013-09-13
40474.15,2013-09-14
36707.887,2013-09-15
44128.547,2013-09-16
45475.95,2013-09-17
45480.055,2013-09-18
46746.07,2013-09-19
46997.367,2013-09-20
41023.523,2013-09-21
38207.484,2013-09-22
45208.727,2013-09-23
47368.14,2013-09-24
47653.598,2013-09-25
47748.438,2013-09-26
46671.973,2013-09-27
39960.31,2013-09-28
38109.133,2013-09-29
45811.957,2013-09-30
47436.355,2013-10-01
47431.777,2013-10-02
46095.18,2013-10-03
46674.42,2013-10-04
41328.24,2013-10-05
38700.812,2013-10-06
46733.035,2013-10-07
48171.02,2013-10-08
47976.246,2013-10-09
48640.05,2013-10-10
52651.06,2013-10-11
49214.363,2013-10-12
45401.94,2013-10-13
50398.86,2013-10-14
51907.754,2013-10-15
51517.69,2013-10-16
50579.29,2013-10-17
50649.418,2013-10-18
43088.188,2013-10-19
39580.887,2013-10-20
46372.977,2013-10-21
46319.43,2013-10-22
46843.957,2013-10-23
48323.223,2013-10-24
47223.08,2013-10-25
40801.96,2013-10-26
35447.598,2013-10-27
43695.695,2013-10-28
49974.598,2013-10-29
53829.16,2013-10-30
53311.227,2013-10-31
47090.258,2013-11-01
41779.938,2013-11-02
40406.473,2013-11-03
49753.242,2013-11-04
55821.71,2013-11-05
52615.117,2013-11-06
52633.5,2013-11-07
51810.996,2013-11-08
47729.312,2013-11-09
46029.68,2013-11-10
51510.918,2013-11-11
57622.64,2013-11-12
59225.508,2013-11-13
61357.76,2013-11-14
62352.695,2013-11-15
59744.312,2013-11-16
59089.344,2013-11-17
66418.17,2013-11-18
67400.97,2013-11-19
68055.55,2013-11-20
71655.01,2013-11-21
70764.64,2013-11-22
63649.594,2013-11-23
59946.68,2013-11-24
67483.92,2013-11-25
69903.55,2013-11-26
72767.44,2013-11-27
75117.484,2013-11-28
71050.83,2013-11-29
63750.656,2013-11-30
62339.12,2013-12-01
68252.15,2013-12-02
73805.6,2013-12-03
73591.58,2013-12-04
70209.66,2013-12-05
69078.29,2013-12-06
64859.953,2013-12-07
61975.453,2013-12-08
72931.484,2013-12-09
75154.06,2013-12-10
75009.46,2013-12-11
75051.7,2013-12-12
74015.695,2013-12-13
64085.223,2013-12-14
59256.168,2013-12-15
65091.38,2013-12-16
66271.414,2013-12-17
62883.164,2013-12-18
63303.992,2013-12-19
66024.336,2013-12-20
58739.348,2013-12-21
52750.027,2013-12-22
56778.438,2013-12-23
53711.383,2013-12-24
50727.445,2013-12-25
56413.15,2013-12-26
56506.504,2013-12-27
53841.355,2013-12-28
55422.336,2013-12-29
62820.996,2013-12-30
60234.695,2013-12-31
51507.83,2014-01-01
54359.78,2014-01-02
55374.164,2014-01-03
53625.42,2014-01-04
53497.21,2014-01-05
58660.004,2014-01-06
58479.105,2014-01-07
59080.945,2014-01-08
59279.16,2014-01-09
63841.492,2014-01-10
58444.28,2014-01-11
56950.12,2014-01-12
63229.53,2014-01-13
66481.99,2014-01-14
65892.65,2014-01-15
64810.87,2014-01-16
63166.223,2014-01-17
58607.336,2014-01-18
58834.55,2014-01-19
67522.89,2014-01-20
70896.836,2014-01-21
70313.766,2014-01-22
69667.305,2014-01-23
69194.06,2014-01-24
60664.723,2014-01-25
55624.05,2014-01-26
64732.78,2014-01-27
68988.1,2014-01-28
71653.15,2014-01-29
72204.05,2014-01-30
70465.19,2014-01-31
61385.36,2014-02-01
60882.863,2014-02-02
68110.07,2014-02-03
65976.85,2014-02-04
64585.168,2014-02-05
63468.953,2014-02-06
60694.33,2014-02-07
56284.17,2014-02-08
56248.215,2014-02-09
66005.68,2014-02-10
67161.16,2014-02-11
65177.09,2014-02-12
65434.062,2014-02-13
62913.668,2014-02-14
55557.383,2014-02-15
55342.57,2014-02-16
61814.99,2014-02-17
64059.445,2014-02-18
63539.543,2014-02-19
60791.1,2014-02-20
60397.484,2014-02-21
57446.133,2014-02-22
53034.816,2014-02-23
57785.64,2014-02-24
59148.34,2014-02-25
63211.04,2014-02-26
63221.85,2014-02-27
63850.57,2014-02-28
61878.46,2014-03-01
56973.996,2014-03-02
61635.5,2014-03-03
65344.79,2014-03-04
63233.484,2014-03-05
62231.67,2014-03-06
61744.793,2014-03-07
51313.805,2014-03-08
46911.105,2014-03-09
53502.203,2014-03-10
55457.953,2014-03-11
56179.58,2014-03-12
56547.785,2014-03-13
55690.453,2014-03-14
49421.84,2014-03-15
45233.84,2014-03-16
53630.164,2014-03-17
55094.652,2014-03-18
55596.207,2014-03-19
52059.543,2014-03-20
51657.184,2014-03-21
47656.57,2014-03-22
48601.062,2014-03-23
59300.594,2014-03-24
62156.016,2014-03-25
61513.965,2014-03-26
61996.906,2014-03-27
57998.875,2014-03-28
48708.63,2014-03-29
45661.8,2014-03-30
52074.04,2014-03-31
51884.918,2014-04-01
50755.84,2014-04-02
50842.645,2014-04-03
52026.57,2014-04-04
45704.05,2014-04-05
41430.86,2014-04-06
46230.63,2014-04-07
47515.742,2014-04-08
51674.76,2014-04-09
50485.113,2014-04-10
49378.54,2014-04-11
44020.54,2014-04-12
40943.207,2014-04-13
47322.727,2014-04-14
48493.977,2014-04-15
49869.773,2014-04-16
50205.95,2014-04-17
49182.176,2014-04-18
44189.31,2014-04-19
42801.664,2014-04-20
44927.68,2014-04-21
48736.1,2014-04-22
49961.98,2014-04-23
49865.926,2014-04-24
49262.523,2014-04-25
43373.504,2014-04-26
40035.797,2014-04-27
48317.43,2014-04-28
51705.38,2014-04-29
50460.035,2014-04-30
43801.992,2014-05-01
44779.836,2014-05-02
42380.363,2014-05-03
42300.195,2014-05-04
46671.797,2014-05-05
47062.434,2014-05-06
46106.504,2014-05-07
39527.555,2014-05-08
41106.98,2014-05-09
38439.387,2014-05-10
35772.89,2014-05-11
46460.45,2014-05-12
49588.18,2014-05-13
48972.203,2014-05-14
45982.87,2014-05-15
44841.97,2014-05-16
40429.58,2014-05-17
37372.773,2014-05-18
43172.81,2014-05-19
44636.24,2014-05-20
45554.508,2014-05-21
44580.203,2014-05-22
46307.938,2014-05-23
40030.824,2014-05-24
38401.72,2014-05-25
46863.797,2014-05-26
47353.203,2014-05-27
48215.242,2014-05-28
41270.336,2014-05-29
43320.844,2014-05-30
38329.094,2014-05-31
36688.227,2014-06-01
44999.375,2014-06-02
46607.836,2014-06-03
45173.0,2014-06-04
44883.37,2014-06-05
43078.47,2014-06-06
39315.14,2014-06-07
36144.31,2014-06-08
39112.656,2014-06-09
43884.08,2014-06-10
46205.562,2014-06-11
45597.336,2014-06-12
44713.64,2014-06-13
37937.87,2014-06-14
34185.01,2014-06-15
40563.473,2014-06-16
43708.984,2014-06-17
44063.207,2014-06-18
46021.47,2014-06-19
44388.83,2014-06-20
40151.49,2014-06-21
36985.957,2014-06-22
43552.848,2014-06-23
46427.117,2014-06-24
44888.68,2014-06-25
45854.46,2014-06-26
45474.77,2014-06-27
40809.227,2014-06-28
36392.39,2014-06-29
45217.848,2014-06-30
45518.113,2014-07-01
46128.79,2014-07-02
46404.48,2014-07-03
46097.41,2014-07-04
38986.992,2014-07-05
36144.215,2014-07-06
44338.324,2014-07-07
45594.01,2014-07-08
44172.02,2014-07-09
44053.11,2014-07-10
45885.79,2014-07-11
40347.453,2014-07-12
36264.242,2014-07-13
37545.938,2014-07-14
44354.23,2014-07-15
46677.227,2014-07-16
47007.54,2014-07-17
47078.59,2014-07-18
40732.996,2014-07-19
37414.277,2014-07-20
40947.242,2014-07-21
44599.043,2014-07-22
46275.887,2014-07-23
47393.086,2014-07-24
45917.6,2014-07-25
39897.773,2014-07-26
36317.41,2014-07-27
42712.223,2014-07-28
43687.113,2014-07-29
43650.707,2014-07-30
44387.617,2014-07-31
44210.375,2014-08-01
38046.066,2014-08-02
35806.65,2014-08-03
41042.453,2014-08-04
42039.848,2014-08-05
41571.156,2014-08-06
41667.387,2014-08-07
41579.15,2014-08-08
36972.17,2014-08-09
32712.896,2014-08-10
37805.723,2014-08-11
39909.527,2014-08-12
38581.85,2014-08-13
38611.16,2014-08-14
34104.06,2014-08-15
33973.707,2014-08-16
33134.746,2014-08-17
38994.21,2014-08-18
40583.69,2014-08-19
41395.92,2014-08-20
42338.56,2014-08-21
40983.387,2014-08-22
36986.67,2014-08-23
36505.918,2014-08-24
42048.28,2014-08-25
43173.453,2014-08-26
44220.258,2014-08-27
44189.176,2014-08-28
43752.434,2014-08-29
39491.195,2014-08-30
35764.543,2014-08-31
43516.03,2014-09-01
45097.082,2014-09-02
44891.965,2014-09-03
45597.164,2014-09-04
45663.758,2014-09-05
40651.23,2014-09-06
37995.32,2014-09-07
44070.805,2014-09-08
46828.883,2014-09-09
45646.2,2014-09-10
44678.3,2014-09-11
44803.08,2014-09-12
39491.082,2014-09-13
36184.297,2014-09-14
45724.918,2014-09-15
46870.387,2014-09-16
45951.02,2014-09-17
46496.227,2014-09-18
45889.715,2014-09-19
40371.87,2014-09-20
36780.383,2014-09-21
44313.234,2014-09-22
46909.61,2014-09-23
47810.543,2014-09-24
47889.664,2014-09-25
46886.367,2014-09-26
40530.5,2014-09-27
37074.688,2014-09-28
45075.727,2014-09-29
47373.95,2014-09-30
47814.008,2014-10-01
47789.363,2014-10-02
46977.23,2014-10-03
39958.957,2014-10-04
37732.57,2014-10-05
46860.31,2014-10-06
46779.43,2014-10-07
45885.027,2014-10-08
45624.68,2014-10-09
47675.965,2014-10-10
41740.297,2014-10-11
37742.09,2014-10-12
45037.93,2014-10-13
49019.125,2014-10-14
49114.27,2014-10-15
47936.906,2014-10-16
46864.97,2014-10-17
40131.64,2014-10-18
37062.14,2014-10-19
45913.945,2014-10-20
44019.074,2014-10-21
48896.61,2014-10-22
50895.95,2014-10-23
50790.285,2014-10-24
44964.953,2014-10-25
42285.527,2014-10-26
49958.035,2014-10-27
51347.363,2014-10-28
51784.305,2014-10-29
52096.38,2014-10-30
48709.223,2014-10-31
41872.117,2014-11-01
39100.08,2014-11-02
47184.71,2014-11-03
54122.895,2014-11-04
58318.5,2014-11-05
58807.547,2014-11-06
54155.92,2014-11-07
50056.902,2014-11-08
48609.367,2014-11-09
54420.43,2014-11-10
48710.312,2014-11-11
53182.184,2014-11-12
55578.023,2014-11-13
56619.26,2014-11-14
53028.133,2014-11-15
50802.363,2014-11-16
59135.926,2014-11-17
60422.18,2014-11-18
61198.7,2014-11-19
61230.125,2014-11-20
58637.812,2014-11-21
51229.457,2014-11-22
47213.32,2014-11-23
54573.336,2014-11-24
58005.14,2014-11-25
58533.08,2014-11-26
58720.965,2014-11-27
54197.74,2014-11-28
51009.67,2014-11-29
51928.15,2014-11-30
61661.086,2014-12-01
68014.97,2014-12-02
68108.82,2014-12-03
69954.305,2014-12-04
68621.34,2014-12-05
62169.57,2014-12-06
60980.035,2014-12-07
67938.7,2014-12-08
69726.16,2014-12-09
67856.414,2014-12-10
64596.984,2014-12-11
61680.01,2014-12-12
59639.543,2014-12-13
59099.9,2014-12-14
66752.6,2014-12-15
66331.67,2014-12-16
62870.27,2014-12-17
58122.445,2014-12-18
56692.043,2014-12-19
52727.29,2014-12-20
54184.977,2014-12-21
60086.445,2014-12-22
62136.32,2014-12-23
59033.51,2014-12-24
54940.387,2014-12-25
60850.184,2014-12-26
56606.883,2014-12-27
60868.684,2014-12-28
72360.0,2014-12-29
73752.4,2014-12-30
70558.35,2014-12-31
64462.625,2015-01-01
66109.695,2015-01-02
57649.824,2015-01-03
57677.02,2015-01-04
69828.36,2015-01-05
74163.48,2015-01-06
72808.195,2015-01-07
65199.727,2015-01-08
59793.266,2015-01-09
51259.52,2015-01-10
51545.324,2015-01-11
62726.773,2015-01-12
61809.1,2015-01-13
61817.453,2015-01-14
61522.42,2015-01-15
66035.96,2015-01-16
62012.875,2015-01-17
63416.22,2015-01-18
74625.27,2015-01-19
76674.09,2015-01-20
76257.1,2015-01-21
76110.83,2015-01-22
76476.89,2015-01-23
69298.41,2015-01-24
67345.82,2015-01-25
71442.31,2015-01-26
72083.29,2015-01-27
69216.79,2015-01-28
68313.016,2015-01-29
70341.42,2015-01-30
66169.51,2015-01-31
63061.33,2015-02-01
75151.89,2015-02-02
78039.86,2015-02-03
77058.805,2015-02-04
77496.375,2015-02-05
77555.875,2015-02-06
72422.13,2015-02-07
66136.81,2015-02-08
74376.516,2015-02-09
73750.234,2015-02-10
72811.47,2015-02-11
72792.08,2015-02-12
66614.66,2015-02-13
61249.69,2015-02-14
61141.035,2015-02-15
68891.1,2015-02-16
68904.84,2015-02-17
69564.67,2015-02-18
68761.61,2015-02-19
64447.395,2015-02-20
61134.28,2015-02-21
62144.516,2015-02-22
64090.39,2015-02-23
65823.02,2015-02-24
66633.61,2015-02-25
63944.945,2015-02-26
63296.453,2015-02-27
59720.06,2015-02-28
53338.145,2015-03-01
58884.633,2015-03-02
60700.926,2015-03-03
63217.293,2015-03-04
64247.684,2015-03-05
64472.457,2015-03-06
56876.953,2015-03-07
52616.4,2015-03-08
59344.375,2015-03-09
59535.387,2015-03-10
59395.934,2015-03-11
58194.86,2015-03-12
59175.664,2015-03-13
56029.695,2015-03-14
55512.047,2015-03-15
62149.984,2015-03-16
60240.508,2015-03-17
56599.746,2015-03-18
57378.23,2015-03-19
59340.945,2015-03-20
54120.613,2015-03-21
53902.63,2015-03-22
61015.64,2015-03-23
61918.938,2015-03-24
62791.363,2015-03-25
62866.098,2015-03-26
60876.492,2015-03-27
50617.844,2015-03-28
44992.72,2015-03-29
50971.977,2015-03-30
51214.08,2015-03-31
54198.664,2015-04-01
57212.598,2015-04-02
59184.867,2015-04-03
51856.883,2015-04-04
48200.473,2015-04-05
49693.258,2015-04-06
54007.508,2015-04-07
54723.977,2015-04-08
52926.66,2015-04-09
51140.36,2015-04-10
44812.348,2015-04-11
42427.47,2015-04-12
47174.434,2015-04-13
47213.25,2015-04-14
46771.918,2015-04-15
47055.723,2015-04-16
46789.703,2015-04-17
40906.22,2015-04-18
38609.418,2015-04-19
46017.508,2015-04-20
45979.055,2015-04-21
44622.37,2015-04-22
46860.51,2015-04-23
46499.902,2015-04-24
41529.555,2015-04-25
39661.266,2015-04-26
46232.97,2015-04-27
50835.42,2015-04-28
50119.047,2015-04-29
50050.254,2015-04-30
42694.242,2015-05-01
41902.125,2015-05-02
38368.64,2015-05-03
45446.062,2015-05-04
43855.59,2015-05-05
44418.67,2015-05-06
46950.984,2015-05-07
39799.844,2015-05-08
36630.125,2015-05-09
37610.953,2015-05-10
45308.605,2015-05-11
44687.418,2015-05-12
44077.836,2015-05-13
39320.97,2015-05-14
41386.473,2015-05-15
38494.21,2015-05-16
36884.633,2015-05-17
42975.297,2015-05-18
43937.95,2015-05-19
48574.336,2015-05-20
45800.754,2015-05-21
45150.48,2015-05-22
39476.39,2015-05-23
36049.465,2015-05-24
38101.69,2015-05-25
42453.883,2015-05-26
45694.215,2015-05-27
44868.297,2015-05-28
44295.906,2015-05-29
39811.926,2015-05-30
35224.4,2015-05-31
42393.58,2015-06-01
43434.953,2015-06-02
45490.49,2015-06-03
45981.36,2015-06-04
44873.418,2015-06-05
39553.895,2015-06-06
35006.57,2015-06-07
40757.766,2015-06-08
41390.855,2015-06-09
43201.902,2015-06-10
45015.05,2015-06-11
45224.793,2015-06-12
40249.965,2015-06-13
36687.11,2015-06-14
44049.953,2015-06-15
43910.176,2015-06-16
45255.316,2015-06-17
44419.863,2015-06-18
44238.125,2015-06-19
39328.055,2015-06-20
35782.1,2015-06-21
42557.348,2015-06-22
44364.81,2015-06-23
46231.582,2015-06-24
46555.1,2015-06-25
45616.586,2015-06-26
39854.895,2015-06-27
37262.957,2015-06-28
45350.195,2015-06-29
46599.67,2015-06-30
47363.25,2015-07-01
47751.188,2015-07-02
46893.66,2015-07-03
41740.664,2015-07-04
38807.047,2015-07-05
46719.81,2015-07-06
46474.293,2015-07-07
44552.457,2015-07-08
45629.96,2015-07-09
45671.61,2015-07-10
39533.23,2015-07-11
36682.035,2015-07-12
42280.81,2015-07-13
39076.402,2015-07-14
44149.71,2015-07-15
47323.914,2015-07-16
46253.74,2015-07-17
42212.473,2015-07-18
38240.484,2015-07-19
43823.742,2015-07-20
45646.727,2015-07-21
47082.69,2015-07-22
47278.258,2015-07-23
45337.973,2015-07-24
37625.555,2015-07-25
34865.645,2015-07-26
39954.562,2015-07-27
42570.234,2015-07-28
43401.023,2015-07-29
43442.023,2015-07-30
43261.223,2015-07-31
37954.79,2015-08-01
35435.992,2015-08-02
40896.676,2015-08-03
42164.504,2015-08-04
42401.766,2015-08-05
42537.86,2015-08-06
42394.688,2015-08-07
38364.75,2015-08-08
35229.184,2015-08-09
39854.152,2015-08-10
41046.273,2015-08-11
40707.61,2015-08-12
40744.867,2015-08-13
39238.613,2015-08-14
34172.008,2015-08-15
34271.836,2015-08-16
39128.31,2015-08-17
41401.246,2015-08-18
41527.14,2015-08-19
41627.85,2015-08-20
42020.055,2015-08-21
37674.938,2015-08-22
35360.65,2015-08-23
38313.008,2015-08-24
40668.348,2015-08-25
40501.31,2015-08-26
43402.06,2015-08-27
44318.5,2015-08-28
39842.133,2015-08-29
37238.727,2015-08-30
42107.547,2015-08-31
44210.79,2015-09-01
45478.9,2015-09-02
44936.98,2015-09-03
45496.45,2015-09-04
39805.47,2015-09-05
36030.66,2015-09-06
43566.54,2015-09-07
44540.914,2015-09-08
45279.906,2015-09-09
45342.074,2015-09-10
45233.42,2015-09-11
39729.76,2015-09-12
36454.47,2015-09-13
42087.637,2015-09-14
43885.24,2015-09-15
42750.96,2015-09-16
44241.707,2015-09-17
45567.082,2015-09-18
40487.395,2015-09-19
38129.523,2015-09-20
45041.473,2015-09-21
45258.664,2015-09-22
47558.06,2015-09-23
47101.855,2015-09-24
46249.133,2015-09-25
40246.98,2015-09-26
35861.973,2015-09-27
43036.453,2015-09-28
43568.32,2015-09-29
44416.293,2015-09-30
46071.293,2015-10-01
47685.848,2015-10-02
43518.82,2015-10-03
40381.133,2015-10-04
45358.004,2015-10-05
45382.41,2015-10-06
45716.137,2015-10-07
49783.2,2015-10-08
49333.82,2015-10-09
42707.434,2015-10-10
40565.07,2015-10-11
49319.23,2015-10-12
52235.117,2015-10-13
55094.59,2015-10-14
59440.41,2015-10-15
58371.477,2015-10-16
52245.438,2015-10-17
49689.47,2015-10-18
55006.035,2015-10-19
56665.734,2015-10-20
56639.89,2015-10-21
55557.38,2015-10-22
56161.83,2015-10-23
49339.934,2015-10-24
45561.535,2015-10-25
50815.89,2015-10-26
50949.312,2015-10-27
52685.605,2015-10-28
53056.33,2015-10-29
51836.332,2015-10-30
44993.133,2015-10-31
43070.7,2015-11-01
51968.844,2015-11-02
53302.75,2015-11-03
53681.9,2015-11-04
52005.918,2015-11-05
50543.824,2015-11-06
44682.21,2015-11-07
40371.117,2015-11-08
46860.133,2015-11-09
49913.48,2015-11-10
47819.812,2015-11-11
52043.055,2015-11-12
52628.75,2015-11-13
47654.14,2015-11-14
42811.664,2015-11-15
50089.586,2015-11-16
50100.707,2015-11-17
48327.523,2015-11-18
48558.19,2015-11-19
50712.508,2015-11-20
48601.84,2015-11-21
54096.207,2015-11-22
65811.58,2015-11-23
68093.484,2015-11-24
63953.594,2015-11-25
64616.758,2015-11-26
65478.29,2015-11-27
56918.984,2015-11-28
49728.18,2015-11-29
55922.805,2015-11-30
58150.5,2015-12-01
61111.9,2015-12-02
63163.305,2015-12-03
61156.99,2015-12-04
56917.855,2015-12-05
52312.895,2015-12-06
57293.78,2015-12-07
58316.07,2015-12-08
62124.355,2015-12-09
65496.516,2015-12-10
65163.91,2015-12-11
57105.547,2015-12-12
57156.02,2015-12-13
63814.938,2015-12-14
62424.92,2015-12-15
58548.63,2015-12-16
57651.93,2015-12-17
57220.906,2015-12-18
49119.484,2015-12-19
46773.918,2015-12-20
51716.844,2015-12-21
52137.17,2015-12-22
54605.7,2015-12-23
51948.383,2015-12-24
44814.613,2015-12-25
45654.613,2015-12-26
47098.754,2015-12-27
53401.473,2015-12-28
54486.523,2015-12-29
54342.71,2015-12-30
54283.78,2015-12-31
50908.65,2016-01-01
47794.92,2016-01-02
49973.48,2016-01-03
59313.46,2016-01-04
62841.312,2016-01-05
64644.543,2016-01-06
61520.363,2016-01-07
64348.344,2016-01-08
56141.586,2016-01-09
53155.58,2016-01-10
60721.188,2016-01-11
62822.242,2016-01-12
66048.61,2016-01-13
67792.89,2016-01-14
68858.52,2016-01-15
66516.484,2016-01-16
65926.734,2016-01-17
75905.29,2016-01-18
78591.8,2016-01-19
78174.09,2016-01-20
76431.055,2016-01-21
73540.984,2016-01-22
63794.91,2016-01-23
58057.285,2016-01-24
62038.008,2016-01-25
62495.125,2016-01-26
59505.984,2016-01-27
62320.97,2016-01-28
62292.355,2016-01-29
54855.027,2016-01-30
50468.293,2016-01-31
54970.004,2016-02-01
57906.0,2016-02-02
60329.344,2016-02-03
62242.918,2016-02-04
62159.33,2016-02-05
51596.1,2016-02-06
48895.71,2016-02-07
55147.727,2016-02-08
58645.047,2016-02-09
63656.016,2016-02-10
68750.44,2016-02-11
66728.31,2016-02-12
57001.633,2016-02-13
55519.254,2016-02-14
64432.977,2016-02-15
70691.98,2016-02-16
72912.73,2016-02-17
73129.33,2016-02-18
70052.46,2016-02-19
55571.996,2016-02-20
50693.938,2016-02-21
57204.438,2016-02-22
60774.16,2016-02-23
64814.97,2016-02-24
67084.234,2016-02-25
67818.27,2016-02-26
60972.406,2016-02-27
57376.926,2016-02-28
65996.91,2016-02-29
65085.543,2016-03-01
60760.19,2016-03-02
62793.78,2016-03-03
63965.973,2016-03-04
61084.0,2016-03-05
59797.953,2016-03-06
68262.74,2016-03-07
70082.91,2016-03-08
65594.64,2016-03-09
66113.22,2016-03-10
65532.57,2016-03-11
58275.47,2016-03-12
53905.24,2016-03-13
60769.53,2016-03-14
60164.254,2016-03-15
61063.344,2016-03-16
64651.918,2016-03-17
62554.72,2016-03-18
54501.863,2016-03-19
53068.188,2016-03-20
59938.03,2016-03-21
58413.957,2016-03-22
57736.266,2016-03-23
59420.086,2016-03-24
58096.164,2016-03-25
48169.62,2016-03-26
43571.246,2016-03-27
44844.867,2016-03-28
52257.52,2016-03-29
55221.15,2016-03-30
54950.69,2016-03-31
57731.062,2016-04-01
50865.727,2016-04-02
45278.586,2016-04-03
50627.914,2016-04-04
52814.89,2016-04-05
51415.824,2016-04-06
52385.8,2016-04-07
55853.137,2016-04-08
51111.33,2016-04-09
43543.17,2016-04-10
50422.42,2016-04-11
51366.11,2016-04-12
51438.008,2016-04-13
50829.176,2016-04-14
47555.812,2016-04-15
43281.0,2016-04-16
44400.81,2016-04-17
52220.094,2016-04-18
51450.28,2016-04-19
46958.41,2016-04-20
48601.39,2016-04-21
49086.08,2016-04-22
44001.324,2016-04-23
46408.27,2016-04-24
51984.305,2016-04-25
54517.492,2016-04-26
55869.79,2016-04-27
56959.332,2016-04-28
54085.84,2016-04-29
48920.418,2016-04-30
44220.188,2016-05-01
49898.02,2016-05-02
49492.652,2016-05-03
48010.836,2016-05-04
39668.312,2016-05-05
41711.0,2016-05-06
37864.477,2016-05-07
34841.59,2016-05-08
43150.965,2016-05-09
46095.668,2016-05-10
47146.688,2016-05-11
47439.934,2016-05-12
44475.574,2016-05-13
39211.637,2016-05-14
38701.734,2016-05-15
41252.473,2016-05-16
45571.37,2016-05-17
45778.44,2016-05-18
45501.9,2016-05-19
45425.516,2016-05-20
39138.625,2016-05-21
35764.844,2016-05-22
43359.375,2016-05-23
46523.652,2016-05-24
46362.895,2016-05-25
45936.215,2016-05-26
45167.055,2016-05-27
38969.125,2016-05-28
36024.805,2016-05-29
42317.926,2016-05-30
44360.93,2016-05-31
47205.727,2016-06-01
46109.77,2016-06-02
46958.594,2016-06-03
40626.008,2016-06-04
37627.91,2016-06-05
44368.023,2016-06-06
45404.87,2016-06-07
45396.953,2016-06-08
44401.016,2016-06-09
44973.07,2016-06-10
39551.46,2016-06-11
35051.2,2016-06-12
41726.434,2016-06-13
43197.27,2016-06-14
44410.156,2016-06-15
45655.86,2016-06-16
43195.574,2016-06-17
39137.062,2016-06-18
36034.51,2016-06-19
42121.285,2016-06-20
45402.066,2016-06-21
46126.605,2016-06-22
45957.55,2016-06-23
45063.08,2016-06-24
38662.844,2016-06-25
35142.348,2016-06-26
42144.76,2016-06-27
45234.297,2016-06-28
44869.918,2016-06-29
44386.176,2016-06-30
43772.9,2016-07-01
37341.64,2016-07-02
36008.223,2016-07-03
44016.266,2016-07-04
44729.594,2016-07-05
45798.727,2016-07-06
46275.562,2016-07-07
44881.496,2016-07-08
40981.08,2016-07-09
37169.156,2016-07-10
43870.82,2016-07-11
44834.156,2016-07-12
43275.375,2016-07-13
36717.54,2016-07-14
41710.285,2016-07-15
37950.96,2016-07-16
36614.965,2016-07-17
45373.363,2016-07-18
46508.01,2016-07-19
45918.453,2016-07-20
46007.402,2016-07-21
44834.44,2016-07-22
39407.94,2016-07-23
36335.758,2016-07-24
44082.184,2016-07-25
44770.977,2016-07-26
44594.8,2016-07-27
44072.492,2016-07-28
43321.17,2016-07-29
38653.77,2016-07-30
35488.78,2016-07-31
42291.258,2016-08-01
40797.402,2016-08-02
40763.008,2016-08-03
42148.945,2016-08-04
40927.56,2016-08-05
35460.973,2016-08-06
34147.008,2016-08-07
38781.85,2016-08-08
39163.156,2016-08-09
38588.766,2016-08-10
39057.527,2016-08-11
39571.34,2016-08-12
36305.613,2016-08-13
35212.895,2016-08-14
34106.312,2016-08-15
40360.734,2016-08-16
41591.547,2016-08-17
42156.32,2016-08-18
41219.137,2016-08-19
35573.14,2016-08-20
33240.04,2016-08-21
40660.95,2016-08-22
42636.28,2016-08-23
44347.324,2016-08-24
45012.2,2016-08-25
44839.043,2016-08-26
40289.816,2016-08-27
36176.086,2016-08-28
42427.86,2016-08-29
45326.496,2016-08-30
45920.516,2016-08-31
46279.094,2016-09-01
46023.523,2016-09-02
41011.074,2016-09-03
37194.164,2016-09-04
44254.434,2016-09-05
45977.406,2016-09-06
46010.07,2016-09-07
44372.77,2016-09-08
45829.26,2016-09-09
40353.992,2016-09-10
37628.81,2016-09-11
45029.73,2016-09-12
45215.055,2016-09-13
45866.28,2016-09-14
46142.812,2016-09-15
44045.52,2016-09-16
38552.04,2016-09-17
35759.52,2016-09-18
44549.516,2016-09-19
46490.71,2016-09-20
46490.242,2016-09-21
46066.902,2016-09-22
45503.703,2016-09-23
39549.816,2016-09-24
35459.938,2016-09-25
44466.395,2016-09-26
46283.695,2016-09-27
45821.195,2016-09-28
44085.152,2016-09-29
44690.41,2016-09-30
39272.844,2016-10-01
37212.977,2016-10-02
45110.168,2016-10-03
44440.758,2016-10-04
44869.934,2016-10-05
45940.934,2016-10-06
48874.816,2016-10-07
43502.15,2016-10-08
41642.758,2016-10-09
51935.71,2016-10-10
52703.887,2016-10-11
52472.18,2016-10-12
54207.035,2016-10-13
53914.52,2016-10-14
46797.586,2016-10-15
41608.215,2016-10-16
49825.21,2016-10-17
50442.61,2016-10-18
51536.844,2016-10-19
52936.684,2016-10-20
54921.44,2016-10-21
49902.49,2016-10-22
45005.023,2016-10-23
52237.457,2016-10-24
53854.156,2016-10-25
53633.25,2016-10-26
53631.414,2016-10-27
53431.215,2016-10-28
47938.07,2016-10-29
44994.88,2016-10-30
50305.754,2016-10-31
46117.836,2016-11-01
52772.027,2016-11-02
58492.977,2016-11-03
58646.34,2016-11-04
52048.008,2016-11-05
51448.043,2016-11-06
60807.977,2016-11-07
64530.523,2016-11-08
61041.125,2016-11-09
59607.96,2016-11-10
54047.484,2016-11-11
55736.29,2016-11-12
54587.707,2016-11-13
63108.87,2016-11-14
62270.37,2016-11-15
58627.39,2016-11-16
54160.176,2016-11-17
54073.508,2016-11-18
52860.773,2016-11-19
46685.723,2016-11-20
50873.94,2016-11-21
56965.996,2016-11-22
57788.4,2016-11-23
56547.305,2016-11-24
57829.52,2016-11-25
55294.566,2016-11-26
53388.79,2016-11-27
60031.566,2016-11-28
68984.99,2016-11-29
71826.586,2016-11-30
72153.734,2016-12-01
71876.89,2016-12-02
62331.535,2016-12-03
61427.81,2016-12-04
68159.72,2016-12-05
68026.38,2016-12-06
68675.19,2016-12-07
67389.66,2016-12-08
67258.695,2016-12-09
62692.46,2016-12-10
59800.387,2016-12-11
65486.863,2016-12-12
66498.8,2016-12-13
67080.68,2016-12-14
67996.164,2016-12-15
66804.91,2016-12-16
62001.062,2016-12-17
62788.895,2016-12-18
70195.88,2016-12-19
70578.46,2016-12-20
67625.89,2016-12-21
67421.97,2016-12-22
63565.84,2016-12-23
54753.824,2016-12-24
50100.258,2016-12-25
56514.36,2016-12-26
61022.23,2016-12-27
66342.57,2016-12-28
69975.06,2016-12-29
72526.25,2016-12-30
70778.38,2016-12-31
67009.56,2017-01-01
71860.945,2017-01-02
76859.8,2017-01-03
75499.9,2017-01-04
75491.86,2017-01-05
78195.125,2017-01-06
76776.11,2017-01-07
69528.945,2017-01-08
72427.55,2017-01-09
71865.18,2017-01-10
68409.16,2017-01-11
66483.49,2017-01-12
65439.703,2017-01-13
66655.74,2017-01-14
67319.02,2017-01-15
74183.586,2017-01-16
76970.03,2017-01-17
79990.94,2017-01-18
81854.84,2017-01-19
82295.375,2017-01-20
76215.34,2017-01-21
73448.47,2017-01-22
80249.19,2017-01-23
82052.36,2017-01-24
82781.25,2017-01-25
81326.83,2017-01-26
72996.5,2017-01-27
65399.562,2017-01-28
60007.46,2017-01-29
64906.875,2017-01-30
65462.453,2017-01-31
62966.336,2017-02-01
59748.723,2017-02-02
59057.64,2017-02-03
57182.55,2017-02-04
56763.367,2017-02-05
64910.797,2017-02-06
65383.64,2017-02-07
65040.45,2017-02-08
69237.17,2017-02-09
71181.88,2017-02-10
67843.44,2017-02-11
59611.695,2017-02-12
60808.68,2017-02-13
62198.188,2017-02-14
60295.383,2017-02-15
61625.348,2017-02-16
62110.74,2017-02-17
58405.28,2017-02-18
56452.97,2017-02-19
59298.258,2017-02-20
57777.18,2017-02-21
55881.23,2017-02-22
54721.797,2017-02-23
59697.156,2017-02-24
56912.33,2017-02-25
52198.203,2017-02-26
56025.47,2017-02-27
57745.68,2017-02-28
57824.92,2017-03-01
58719.55,2017-03-02
56076.49,2017-03-03
51399.96,2017-03-04
51186.652,2017-03-05
58028.09,2017-03-06
62205.56,2017-03-07
58527.05,2017-03-08
56421.39,2017-03-09
56580.79,2017-03-10
50675.133,2017-03-11
47789.3,2017-03-12
54351.46,2017-03-13
57454.758,2017-03-14
56384.426,2017-03-15
54414.504,2017-03-16
52473.363,2017-03-17
44826.062,2017-03-18
43665.17,2017-03-19
50645.434,2017-03-20
53552.21,2017-03-21
56997.13,2017-03-22
57527.227,2017-03-23
56159.883,2017-03-24
45422.266,2017-03-25
44382.43,2017-03-26
51007.32,2017-03-27
50064.223,2017-03-28
49265.7,2017-03-29
48654.164,2017-03-30
46133.277,2017-03-31
44839.58,2017-04-01
44224.465,2017-04-02
48696.156,2017-04-03
49710.254,2017-04-04
47976.67,2017-04-05
47944.95,2017-04-06
49377.355,2017-04-07
43025.324,2017-04-08
39042.793,2017-04-09
44442.242,2017-04-10
48827.406,2017-04-11
47950.03,2017-04-12
48558.9,2017-04-13
48097.66,2017-04-14
41902.707,2017-04-15
39913.83,2017-04-16
41676.547,2017-04-17
46108.344,2017-04-18
49525.906,2017-04-19
53134.566,2017-04-20
51640.473,2017-04-21
45746.023,2017-04-22
41443.84,2017-04-23
46510.7,2017-04-24
49517.883,2017-04-25
54744.12,2017-04-26
57650.695,2017-04-27
56307.47,2017-04-28
47459.836,2017-04-29
39797.297,2017-04-30
41890.105,2017-05-01
49553.312,2017-05-02
52912.61,2017-05-03
52264.85,2017-05-04
47351.45,2017-05-05
43209.258,2017-05-06
39642.28,2017-05-07
41200.297,2017-05-08
45812.465,2017-05-09
46330.15,2017-05-10
46826.47,2017-05-11
45552.348,2017-05-12
41286.992,2017-05-13
37634.117,2017-05-14
43260.812,2017-05-15
45989.293,2017-05-16
45100.73,2017-05-17
45352.1,2017-05-18
45186.91,2017-05-19
39715.184,2017-05-20
36737.387,2017-05-21
43834.234,2017-05-22
43697.09,2017-05-23
43391.24,2017-05-24
37315.082,2017-05-25
39904.55,2017-05-26
37079.965,2017-05-27
35794.48,2017-05-28
42696.508,2017-05-29
44231.91,2017-05-30
45236.633,2017-05-31
44248.88,2017-06-01
44147.387,2017-06-02
38785.406,2017-06-03
34995.258,2017-06-04
36141.28,2017-06-05
37776.14,2017-06-06
40645.03,2017-06-07
42512.824,2017-06-08
42494.55,2017-06-09
39548.5,2017-06-10
36132.99,2017-06-11
41259.16,2017-06-12
44042.23,2017-06-13
46048.85,2017-06-14
45482.094,2017-06-15
43521.16,2017-06-16
38784.008,2017-06-17
35754.355,2017-06-18
45128.9,2017-06-19
47634.965,2017-06-20
48537.38,2017-06-21
47479.242,2017-06-22
45078.875,2017-06-23
39428.93,2017-06-24
35082.645,2017-06-25
45058.312,2017-06-26
46315.152,2017-06-27
45142.117,2017-06-28
43256.926,2017-06-29
42607.17,2017-06-30
37596.9,2017-07-01
35309.098,2017-07-02
44202.82,2017-07-03
45907.28,2017-07-04
45647.508,2017-07-05
45802.508,2017-07-06
46383.15,2017-07-07
41038.066,2017-07-08
38224.668,2017-07-09
43672.246,2017-07-10
45199.625,2017-07-11
43736.348,2017-07-12
44709.527,2017-07-13
37598.36,2017-07-14
37021.758,2017-07-15
36776.7,2017-07-16
44453.164,2017-07-17
44704.016,2017-07-18
44913.297,2017-07-19
44435.277,2017-07-20
42630.727,2017-07-21
38731.02,2017-07-22
34283.555,2017-07-23
40952.477,2017-07-24
42439.93,2017-07-25
43037.598,2017-07-26
42255.816,2017-07-27
41995.773,2017-07-28
36701.55,2017-07-29
32696.268,2017-07-30
41590.66,2017-07-31
43330.152,2017-08-01
43306.125,2017-08-02
41017.7,2017-08-03
40714.78,2017-08-04
36350.816,2017-08-05
34760.938,2017-08-06
40692.684,2017-08-07
39679.145,2017-08-08
39743.617,2017-08-09
39530.24,2017-08-10
38737.305,2017-08-11
34392.3,2017-08-12
34423.113,2017-08-13
38133.617,2017-08-14
34752.324,2017-08-15
39943.676,2017-08-16
39639.33,2017-08-17
38219.67,2017-08-18
34804.688,2017-08-19
34508.797,2017-08-20
40961.566,2017-08-21
41889.83,2017-08-22
42487.234,2017-08-23
43489.234,2017-08-24
43421.62,2017-08-25
39358.723,2017-08-26
37459.79,2017-08-27
44408.074,2017-08-28
45812.86,2017-08-29
44715.086,2017-08-30
44988.832,2017-08-31
44309.05,2017-09-01
38672.758,2017-09-02
36338.26,2017-09-03
44990.727,2017-09-04
44647.086,2017-09-05
43292.26,2017-09-06
43729.336,2017-09-07
41385.363,2017-09-08
37236.207,2017-09-09
34680.902,2017-09-10
39560.582,2017-09-11
41495.94,2017-09-12
39517.316,2017-09-13
41297.613,2017-09-14
46557.438,2017-09-15
43048.64,2017-09-16
40990.168,2017-09-17
47963.43,2017-09-18
47394.473,2017-09-19
47734.875,2017-09-20
46824.418,2017-09-21
46978.55,2017-09-22
41906.03,2017-09-23
39133.36,2017-09-24
45738.984,2017-09-25
47305.895,2017-09-26
47299.457,2017-09-27
46468.95,2017-09-28
45613.973,2017-09-29
40744.33,2017-09-30
38177.016,2017-10-01
44374.15,2017-10-02
45578.08,2017-10-03
47825.996,2017-10-04
45766.496,2017-10-05
46002.574,2017-10-06
42458.79,2017-10-07
40956.527,2017-10-08
47985.45,2017-10-09
48249.445,2017-10-10
45906.73,2017-10-11
46083.016,2017-10-12
46576.98,2017-10-13
42438.977,2017-10-14
38373.58,2017-10-15
43990.246,2017-10-16
46083.836,2017-10-17
46523.918,2017-10-18
45192.66,2017-10-19
44669.902,2017-10-20
37310.535,2017-10-21
36332.586,2017-10-22
47825.227,2017-10-23
48413.113,2017-10-24
48696.938,2017-10-25
49016.52,2017-10-26
47709.598,2017-10-27
42817.508,2017-10-28
40014.348,2017-10-29
51525.188,2017-10-30
55225.42,2017-10-31
49257.758,2017-11-01
52205.273,2017-11-02
52965.0,2017-11-03
45776.395,2017-11-04
43940.1,2017-11-05
57100.73,2017-11-06
62220.1,2017-11-07
65283.406,2017-11-08
64286.176,2017-11-09
59261.168,2017-11-10
48092.363,2017-11-11
45594.832,2017-11-12
57693.188,2017-11-13
63897.535,2017-11-14
65849.57,2017-11-15
66083.16,2017-11-16
65183.8,2017-11-17
57411.727,2017-11-18
54943.67,2017-11-19
63379.117,2017-11-20
61623.062,2017-11-21
57160.484,2017-11-22
52274.957,2017-11-23
56303.914,2017-11-24
53558.24,2017-11-25
56948.062,2017-11-26
63880.06,2017-11-27
66854.36,2017-11-28
68642.53,2017-11-29
70070.55,2017-11-30
71444.92,2017-12-01
68638.2,2017-12-02
68570.44,2017-12-03
73397.37,2017-12-04
72279.84,2017-12-05
71528.08,2017-12-06
67796.4,2017-12-07
67231.76,2017-12-08
66593.78,2017-12-09
57392.97,2017-12-10
62327.07,2017-12-11
68874.78,2017-12-12
64412.195,2017-12-13
63612.523,2017-12-14
65040.2,2017-12-15
64010.68,2017-12-16
64083.234,2017-12-17
68299.19,2017-12-18
72603.28,2017-12-19
71847.086,2017-12-20
67847.09,2017-12-21
65095.92,2017-12-22
56758.477,2017-12-23
53893.2,2017-12-24
55692.95,2017-12-25
56839.48,2017-12-26
58465.094,2017-12-27
66124.16,2017-12-28
63747.227,2017-12-29
48647.02,2017-12-30
44752.42,2017-12-31
46632.324,2018-01-01
54660.17,2018-01-02
53495.258,2018-01-03
52225.797,2018-01-04
54904.527,2018-01-05
55029.55,2018-01-06
51015.113,2018-01-07
62357.92,2018-01-08
66892.72,2018-01-09
64043.797,2018-01-10
66143.484,2018-01-11
67715.766,2018-01-12
61609.953,2018-01-13
62322.406,2018-01-14
63191.664,2018-01-15
60285.977,2018-01-16
59683.883,2018-01-17
59920.348,2018-01-18
63454.336,2018-01-19
55644.312,2018-01-20
54496.062,2018-01-21
56979.19,2018-01-22
59635.28,2018-01-23
56165.637,2018-01-24
59842.2,2018-01-25
63863.95,2018-01-26
61309.29,2018-01-27
56490.836,2018-01-28
61122.387,2018-01-29
64323.812,2018-01-30
60659.574,2018-01-31
63882.29,2018-02-01
68878.734,2018-02-02
64783.65,2018-02-03
63006.164,2018-02-04
71797.89,2018-02-05
76919.22,2018-02-06
77161.7,2018-02-07
77891.984,2018-02-08
75599.125,2018-02-09
68189.63,2018-02-10
61753.094,2018-02-11
70175.8,2018-02-12
70932.49,2018-02-13
73218.41,2018-02-14
65802.11,2018-02-15
66211.06,2018-02-16
60940.832,2018-02-17
61004.496,2018-02-18
68259.71,2018-02-19
67923.25,2018-02-20
67165.03,2018-02-21
69197.234,2018-02-22
71581.18,2018-02-23
65536.42,2018-02-24
63500.117,2018-02-25
72391.41,2018-02-26
80490.2,2018-02-27
79235.73,2018-02-28
75457.39,2018-03-01
70302.64,2018-03-02
61640.707,2018-03-03
58504.836,2018-03-04
62650.64,2018-03-05
64038.883,2018-03-06
62673.07,2018-03-07
60376.68,2018-03-08
58508.266,2018-03-09
49292.363,2018-03-10
45656.535,2018-03-11
50158.1,2018-03-12
56965.027,2018-03-13
55305.598,2018-03-14
56733.766,2018-03-15
59111.734,2018-03-16
53979.457,2018-03-17
57445.465,2018-03-18
67975.38,2018-03-19
66674.42,2018-03-20
67811.57,2018-03-21
67147.445,2018-03-22
63696.47,2018-03-23
56416.117,2018-03-24
53530.582,2018-03-25
59668.492,2018-03-26
57549.816,2018-03-27
55747.816,2018-03-28
59112.51,2018-03-29
58683.062,2018-03-30
53465.023,2018-03-31
50870.797,2018-04-01
47058.023,2018-04-02
49657.17,2018-04-03
50413.793,2018-04-04
53801.363,2018-04-05
50256.195,2018-04-06
43658.758,2018-04-07
42548.418,2018-04-08
49461.43,2018-04-09
50851.203,2018-04-10
50809.965,2018-04-11
53528.43,2018-04-12
52130.94,2018-04-13
45546.47,2018-04-14
40770.19,2018-04-15
47942.527,2018-04-16
46840.133,2018-04-17
45829.723,2018-04-18
44989.89,2018-04-19
44249.504,2018-04-20
40743.477,2018-04-21
35791.836,2018-04-22
42730.688,2018-04-23
44312.387,2018-04-24
41140.88,2018-04-25
44405.79,2018-04-26
42533.066,2018-04-27
40319.91,2018-04-28
37964.805,2018-04-29
43574.613,2018-04-30
44255.477,2018-05-01
45543.613,2018-05-02
46798.18,2018-05-03
44333.39,2018-05-04
38529.707,2018-05-05
36445.54,2018-05-06
42157.508,2018-05-07
37486.95,2018-05-08
40883.797,2018-05-09
36109.83,2018-05-10
41473.816,2018-05-11
38623.156,2018-05-12
37728.652,2018-05-13
44085.367,2018-05-14
44847.492,2018-05-15
43232.188,2018-05-16
42906.38,2018-05-17
43322.17,2018-05-18
38073.105,2018-05-19
35104.676,2018-05-20
37755.88,2018-05-21
43151.45,2018-05-22
44415.848,2018-05-23
44561.082,2018-05-24
44432.53,2018-05-25
38260.633,2018-05-26
35757.74,2018-05-27
42429.977,2018-05-28
45093.78,2018-05-29
45465.086,2018-05-30
44982.54,2018-05-31
44096.023,2018-06-01
38880.855,2018-06-02
35585.4,2018-06-03
42567.195,2018-06-04
43897.742,2018-06-05
45005.164,2018-06-06
45184.523,2018-06-07
44288.492,2018-06-08
39065.586,2018-06-09
36413.13,2018-06-10
43710.42,2018-06-11
43250.344,2018-06-12
42669.777,2018-06-13
42977.9,2018-06-14
43589.14,2018-06-15
38589.742,2018-06-16
34194.91,2018-06-17
41574.35,2018-06-18
44124.14,2018-06-19
45215.043,2018-06-20
42450.22,2018-06-21
40481.79,2018-06-22
36877.453,2018-06-23
35046.504,2018-06-24
41071.543,2018-06-25
43158.14,2018-06-26
42761.195,2018-06-27
41801.445,2018-06-28
41054.75,2018-06-29
38839.152,2018-06-30
36351.69,2018-07-01
43820.598,2018-07-02
45930.223,2018-07-03
46554.855,2018-07-04
44794.87,2018-07-05
44921.53,2018-07-06
40079.43,2018-07-07
36483.5,2018-07-08
43300.58,2018-07-09
43768.83,2018-07-10
44287.043,2018-07-11
45478.785,2018-07-12
44868.727,2018-07-13
39610.57,2018-07-14
37151.56,2018-07-15
43701.957,2018-07-16
44574.703,2018-07-17
45926.098,2018-07-18
46452.516,2018-07-19
45780.77,2018-07-20
39819.492,2018-07-21
36483.562,2018-07-22
44842.965,2018-07-23
46328.0,2018-07-24
47016.027,2018-07-25
47027.992,2018-07-26
46106.965,2018-07-27
37800.33,2018-07-28
33873.41,2018-07-29
42095.227,2018-07-30
44414.586,2018-07-31
45079.03,2018-08-01
44677.746,2018-08-02
44335.234,2018-08-03
38461.812,2018-08-04
35600.48,2018-08-05
43219.93,2018-08-06
42606.55,2018-08-07
42746.496,2018-08-08
40072.312,2018-08-09
39890.88,2018-08-10
36044.773,2018-08-11
33453.637,2018-08-12
37501.645,2018-08-13
39512.203,2018-08-14
35679.82,2018-08-15
39100.887,2018-08-16
38297.586,2018-08-17
35757.383,2018-08-18
33845.867,2018-08-19
40114.59,2018-08-20
42788.773,2018-08-21
43159.42,2018-08-22
42143.004,2018-08-23
39314.008,2018-08-24
35771.992,2018-08-25
33579.594,2018-08-26
40007.07,2018-08-27
42710.164,2018-08-28
42416.184,2018-08-29
43941.395,2018-08-30
43053.867,2018-08-31
37329.414,2018-09-01
35339.555,2018-09-02
41838.09,2018-09-03
44028.52,2018-09-04
44259.734,2018-09-05
43829.152,2018-09-06
43269.676,2018-09-07
38779.312,2018-09-08
36399.1,2018-09-09
42994.07,2018-09-10
44243.633,2018-09-11
44989.645,2018-09-12
44503.332,2018-09-13
43961.96,2018-09-14
39391.83,2018-09-15
36435.72,2018-09-16
42945.56,2018-09-17
43158.355,2018-09-18
44249.984,2018-09-19
43222.938,2018-09-20
39964.79,2018-09-21
36902.445,2018-09-22
31560.9,2018-09-23
41732.867,2018-09-24
43091.52,2018-09-25
44964.69,2018-09-26
45752.797,2018-09-27
42479.58,2018-09-28
36794.65,2018-09-29
36897.023,2018-09-30
41400.117,2018-10-01
44593.92,2018-10-02
46096.594,2018-10-03
46127.69,2018-10-04
45083.555,2018-10-05
38060.312,2018-10-06
35074.125,2018-10-07
46481.168,2018-10-08
46489.273,2018-10-09
44385.367,2018-10-10
43955.324,2018-10-11
41974.44,2018-10-12
36587.727,2018-10-13
32756.3,2018-10-14
43359.945,2018-10-15
46475.617,2018-10-16
46434.35,2018-10-17
43877.25,2018-10-18
44842.33,2018-10-19
40632.402,2018-10-20
38554.53,2018-10-21
43575.934,2018-10-22
47847.293,2018-10-23
48742.594,2018-10-24
49187.703,2018-10-25
49443.145,2018-10-26
47307.12,2018-10-27
46678.76,2018-10-28
55971.105,2018-10-29
57619.383,2018-10-30
57102.32,2018-10-31
49363.906,2018-11-01
54244.414,2018-11-02
52676.918,2018-11-03
51882.914,2018-11-04
53198.113,2018-11-05
54022.207,2018-11-06
52114.918,2018-11-07
54920.3,2018-11-08
53122.93,2018-11-09
44682.402,2018-11-10
41608.824,2018-11-11
50399.61,2018-11-12
52585.89,2018-11-13
55005.207,2018-11-14
55277.15,2018-11-15
55311.21,2018-11-16
51434.594,2018-11-17
50165.285,2018-11-18
60149.773,2018-11-19
68053.42,2018-11-20
69313.42,2018-11-21
67930.76,2018-11-22
65248.133,2018-11-23
57857.61,2018-11-24
55760.312,2018-11-25
65965.36,2018-11-26
65049.434,2018-11-27
60612.484,2018-11-28
57174.594,2018-11-29
58392.523,2018-11-30
51458.23,2018-12-01
45433.74,2018-12-02
49965.03,2018-12-03
56771.62,2018-12-04
57411.33,2018-12-05
54436.836,2018-12-06
52048.53,2018-12-07
46073.47,2018-12-08
44479.547,2018-12-09
58553.242,2018-12-10
65189.695,2018-12-11
70128.0,2018-12-12
69647.53,2018-12-13
73607.11,2018-12-14
65751.016,2018-12-15
61197.19,2018-12-16
65272.266,2018-12-17
63443.805,2018-12-18
62667.902,2018-12-19
61618.914,2018-12-20
54450.324,2018-12-21
47942.656,2018-12-22
45580.523,2018-12-23
52508.316,2018-12-24
52338.234,2018-12-25
63839.76,2018-12-26
68815.74,2018-12-27
69207.74,2018-12-28
61859.93,2018-12-29
59454.254,2018-12-30
60917.75,2018-12-31
56484.305,2019-01-01
59940.227,2019-01-02
67894.2,2019-01-03
71131.53,2019-01-04
66919.41,2019-01-05
64467.17,2019-01-06
69671.266,2019-01-07
63843.312,2019-01-08
66801.445,2019-01-09
73900.92,2019-01-10
74004.85,2019-01-11
62967.59,2019-01-12
53523.836,2019-01-13
61917.42,2019-01-14
67141.68,2019-01-15
67732.55,2019-01-16
65356.83,2019-01-17
72131.36,2019-01-18
69044.805,2019-01-19
66420.25,2019-01-20
73562.25,2019-01-21
75975.42,2019-01-22
74969.83,2019-01-23
77134.016,2019-01-24
73964.734,2019-01-25
61170.324,2019-01-26
54735.36,2019-01-27
66187.22,2019-01-28
71773.586,2019-01-29
72908.41,2019-01-30
72654.41,2019-01-31
71352.94,2019-02-01
62077.96,2019-02-02
63421.043,2019-02-03
72917.74,2019-02-04
72790.8,2019-02-05
67695.2,2019-02-06
63498.023,2019-02-07
60122.53,2019-02-08
52914.82,2019-02-09
49874.953,2019-02-10
62969.17,2019-02-11
68752.75,2019-02-12
68474.54,2019-02-13
65370.78,2019-02-14
62647.16,2019-02-15
56066.902,2019-02-16
50241.477,2019-02-17
58570.797,2019-02-18
61082.1,2019-02-19
62473.055,2019-02-20
61715.57,2019-02-21
58605.32,2019-02-22
50703.586,2019-02-23
49371.957,2019-02-24
56358.254,2019-02-25
56807.402,2019-02-26
56050.434,2019-02-27
51774.484,2019-02-28
53338.258,2019-03-01
48557.363,2019-03-02
42124.566,2019-03-03
47944.406,2019-03-04
52785.34,2019-03-05
51170.617,2019-03-06
50146.37,2019-03-07
53069.08,2019-03-08
44027.96,2019-03-09
39768.33,2019-03-10
50806.85,2019-03-11
52882.027,2019-03-12
53766.95,2019-03-13
53186.0,2019-03-14
49506.34,2019-03-15
42857.77,2019-03-16
41781.668,2019-03-17
56752.86,2019-03-18
59256.883,2019-03-19
59000.758,2019-03-20
56525.75,2019-03-21
54699.09,2019-03-22
48234.266,2019-03-23
44283.203,2019-03-24
49634.59,2019-03-25
53454.715,2019-03-26
54170.242,2019-03-27
53401.996,2019-03-28
51881.52,2019-03-29
44913.723,2019-03-30
42138.977,2019-03-31
46787.97,2019-04-01
49201.86,2019-04-02
53206.59,2019-04-03
58689.625,2019-04-04
55527.883,2019-04-05
48585.023,2019-04-06
46931.426,2019-04-07
51504.117,2019-04-08
53863.227,2019-04-09
53093.42,2019-04-10
51802.6,2019-04-11
51799.285,2019-04-12
48832.94,2019-04-13
47250.656,2019-04-14
49494.855,2019-04-15
52060.656,2019-04-16
50164.33,2019-04-17
46225.39,2019-04-18
44932.008,2019-04-19
38845.68,2019-04-20
36886.016,2019-04-21
38535.766,2019-04-22
43811.59,2019-04-23
42227.54,2019-04-24
43196.203,2019-04-25
44727.434,2019-04-26
37219.37,2019-04-27
40286.543,2019-04-28
47262.137,2019-04-29
47626.613,2019-04-30
41310.953,2019-05-01
43842.473,2019-05-02
47669.23,2019-05-03
40465.695,2019-05-04
43721.055,2019-05-05
51884.61,2019-05-06
50196.285,2019-05-07
39437.13,2019-05-08
42149.934,2019-05-09
47252.688,2019-05-10
38614.344,2019-05-11
36684.555,2019-05-12
41331.156,2019-05-13
40886.16,2019-05-14
40759.875,2019-05-15
44304.203,2019-05-16
46726.89,2019-05-17
42568.64,2019-05-18
39694.83,2019-05-19
44116.832,2019-05-20
44616.953,2019-05-21
45096.094,2019-05-22
45024.215,2019-05-23
44032.85,2019-05-24
37808.664,2019-05-25
34665.46,2019-05-26
41237.72,2019-05-27
40843.03,2019-05-28
42189.73,2019-05-29
36913.223,2019-05-30
41212.82,2019-05-31
37247.85,2019-06-01
34366.08,2019-06-02
41508.21,2019-06-03
41754.168,2019-06-04
42143.508,2019-06-05
41227.863,2019-06-06
36527.5,2019-06-07
32299.426,2019-06-08
35351.254,2019-06-09
37079.18,2019-06-10
44402.008,2019-06-11
44076.47,2019-06-12
42264.023,2019-06-13
42256.215,2019-06-14
37905.168,2019-06-15
35123.19,2019-06-16
41696.727,2019-06-17
44330.24,2019-06-18
42370.195,2019-06-19
43085.203,2019-06-20
43101.773,2019-06-21
37744.223,2019-06-22
35524.49,2019-06-23
42243.637,2019-06-24
44314.746,2019-06-25
43804.547,2019-06-26
44011.434,2019-06-27
44250.094,2019-06-28
41053.617,2019-06-29
37609.17,2019-06-30
43400.484,2019-07-01
44584.055,2019-07-02
42972.195,2019-07-03
43469.477,2019-07-04
45752.086,2019-07-05
41323.78,2019-07-06
37736.4,2019-07-07
42682.188,2019-07-08
42119.242,2019-07-09
44443.18,2019-07-10
44403.418,2019-07-11
43472.0,2019-07-12
37318.508,2019-07-13
31898.709,2019-07-14
40353.29,2019-07-15
44265.188,2019-07-16
44538.52,2019-07-17
43625.336,2019-07-18
43308.91,2019-07-19
37506.25,2019-07-20
37682.906,2019-07-21
44331.363,2019-07-22
46007.797,2019-07-23
47078.297,2019-07-24
45344.656,2019-07-25
44000.465,2019-07-26
37866.4,2019-07-27
32528.936,2019-07-28
40494.49,2019-07-29
38017.79,2019-07-30
39873.57,2019-07-31
41993.27,2019-08-01
41415.336,2019-08-02
36322.797,2019-08-03
35440.688,2019-08-04
39359.87,2019-08-05
40072.41,2019-08-06
40044.27,2019-08-07
40484.062,2019-08-08
36673.65,2019-08-09
30207.404,2019-08-10
32763.281,2019-08-11
36860.152,2019-08-12
37891.805,2019-08-13
36778.58,2019-08-14
29942.389,2019-08-15
36778.125,2019-08-16
32836.438,2019-08-17
30905.848,2019-08-18
38230.316,2019-08-19
39825.51,2019-08-20
40168.484,2019-08-21
39955.48,2019-08-22
39630.1,2019-08-23
37165.836,2019-08-24
36468.457,2019-08-25
42789.71,2019-08-26
43740.668,2019-08-27
44574.95,2019-08-28
43806.266,2019-08-29
43251.688,2019-08-30
37176.484,2019-08-31
34899.0,2019-09-01
40805.5,2019-09-02
43140.875,2019-09-03
41919.37,2019-09-04
40431.453,2019-09-05
40671.047,2019-09-06
36263.344,2019-09-07
33566.79,2019-09-08
42931.293,2019-09-09
43110.066,2019-09-10
43260.492,2019-09-11
43020.465,2019-09-12
42120.29,2019-09-13
37608.53,2019-09-14
35680.688,2019-09-15
43067.094,2019-09-16
42230.42,2019-09-17
38889.914,2019-09-18
38499.684,2019-09-19
37972.914,2019-09-20
34402.363,2019-09-21
32638.607,2019-09-22
40915.844,2019-09-23
40224.22,2019-09-24
39831.98,2019-09-25
39447.43,2019-09-26
38502.453,2019-09-27
34143.51,2019-09-28
29883.47,2019-09-29
40655.414,2019-09-30
40060.984,2019-10-01
40677.69,2019-10-02
45909.73,2019-10-03
41659.297,2019-10-04
39801.113,2019-10-05
34795.086,2019-10-06
42781.207,2019-10-07
42269.785,2019-10-08
41845.562,2019-10-09
43449.08,2019-10-10
41425.96,2019-10-11
36907.746,2019-10-12
32600.826,2019-10-13
40579.242,2019-10-14
42383.074,2019-10-15
41840.008,2019-10-16
43847.105,2019-10-17
43333.8,2019-10-18
41245.184,2019-10-19
38683.312,2019-10-20
46981.46,2019-10-21
50754.605,2019-10-22
48933.246,2019-10-23
47152.625,2019-10-24
44990.75,2019-10-25
38593.438,2019-10-26
38348.24,2019-10-27
49000.395,2019-10-28
50309.17,2019-10-29
51584.105,2019-10-30
50092.336,2019-10-31
41029.094,2019-11-01
36006.258,2019-11-02
36425.793,2019-11-03
46641.305,2019-11-04
53100.83,2019-11-05
54851.42,2019-11-06
54494.22,2019-11-07
58743.582,2019-11-08
54540.52,2019-11-09
53161.27,2019-11-10
50870.086,2019-11-11
58276.29,2019-11-12
60720.21,2019-11-13
64960.547,2019-11-14
66299.03,2019-11-15
60554.79,2019-11-16
59651.246,2019-11-17
64830.848,2019-11-18
67982.36,2019-11-19
67372.53,2019-11-20
66239.5,2019-11-21
58420.45,2019-11-22
53620.703,2019-11-23
53267.22,2019-11-24
58970.805,2019-11-25
55225.0,2019-11-26
50036.25,2019-11-27
51312.547,2019-11-28
56848.33,2019-11-29
53548.887,2019-11-30
54647.742,2019-12-01
64672.094,2019-12-02
68709.7,2019-12-03
70950.72,2019-12-04
72546.09,2019-12-05
64863.63,2019-12-06
55640.586,2019-12-07
47520.64,2019-12-08
54070.883,2019-12-09
62352.9,2019-12-10
65310.11,2019-12-11
62084.062,2019-12-12
56997.19,2019-12-13
47774.06,2019-12-14
47920.39,2019-12-15
56285.984,2019-12-16
54512.207,2019-12-17
56234.047,2019-12-18
50321.742,2019-12-19
50768.1,2019-12-20
46687.773,2019-12-21
43843.49,2019-12-22
51156.598,2019-12-23
47931.918,2019-12-24
47466.93,2019-12-25
51444.746,2019-12-26
53584.566,2019-12-27
51710.07,2019-12-28
54798.996,2019-12-29
63288.395,2019-12-30
64100.13,2019-12-31
59731.99,2020-01-01
60472.21,2020-01-02
56519.004,2020-01-03
56549.42,2020-01-04
58611.78,2020-01-05
65386.18,2020-01-06
63808.25,2020-01-07
60665.49,2020-01-08
55676.527,2020-01-09
57470.03,2020-01-10
56535.23,2020-01-11
54591.195,2020-01-12
61520.79,2020-01-13
55475.445,2020-01-14
55075.086,2020-01-15
57412.766,2020-01-16
56947.71,2020-01-17
57909.73,2020-01-18
57616.234,2020-01-19
67227.086,2020-01-20
71550.625,2020-01-21
70719.31,2020-01-22
70228.03,2020-01-23
71849.48,2020-01-24
63605.656,2020-01-25
57947.902,2020-01-26
59249.81,2020-01-27
57335.266,2020-01-28
60423.22,2020-01-29
59091.95,2020-01-30
54788.016,2020-01-31
46139.83,2020-02-01
42278.25,2020-02-02
49050.547,2020-02-03
52884.008,2020-02-04
62196.977,2020-02-05
64538.03,2020-02-06
62351.75,2020-02-07
54476.73,2020-02-08
45214.406,2020-02-09
48236.047,2020-02-10
51973.562,2020-02-11
59337.85,2020-02-12
54081.86,2020-02-13
57626.97,2020-02-14
47357.094,2020-02-15
39195.027,2020-02-16
49069.05,2020-02-17
54605.105,2020-02-18
55402.63,2020-02-19
55345.14,2020-02-20
57011.215,2020-02-21
48416.54,2020-02-22
41978.145,2020-02-23
49137.64,2020-02-24
50261.44,2020-02-25
54800.66,2020-02-26
57615.81,2020-02-27
57198.473,2020-02-28
46760.625,2020-02-29
47005.477,2020-03-01
55036.31,2020-03-02
61620.242,2020-03-03
63291.547,2020-03-04
57003.18,2020-03-05
56540.06,2020-03-06
53277.855,2020-03-07
46900.055,2020-03-08
53738.926,2020-03-09
51052.953,2020-03-10
48175.566,2020-03-11
49118.24,2020-03-12
51798.188,2020-03-13
50682.906,2020-03-14
44217.555,2020-03-15
52816.31,2020-03-16
51351.645,2020-03-17
46861.66,2020-03-18
43573.414,2020-03-19
40591.188,2020-03-20
34525.73,2020-03-21
36591.805,2020-03-22
45094.88,2020-03-23
47111.617,2020-03-24
46624.586,2020-03-25
45954.035,2020-03-26
47595.426,2020-03-27
38772.453,2020-03-28
34636.984,2020-03-29
44184.723,2020-03-30
46616.83,2020-03-31
48012.344,2020-04-01
48130.777,2020-04-02
46825.254,2020-04-03
40002.633,2020-04-04
34141.227,2020-04-05
39475.613,2020-04-06
40262.344,2020-04-07
39988.668,2020-04-08
38125.594,2020-04-09
37150.633,2020-04-10
33658.492,2020-04-11
31890.56,2020-04-12
28216.51,2020-04-13
34644.047,2020-04-14
35524.465,2020-04-15
37962.773,2020-04-16
37158.816,2020-04-17
34874.89,2020-04-18
33009.438,2020-04-19
37016.688,2020-04-20
37307.797,2020-04-21
37823.1,2020-04-22
39090.89,2020-04-23
38091.098,2020-04-24
34741.445,2020-04-25
33654.984,2020-04-26
38897.723,2020-04-27
38445.848,2020-04-28
36540.367,2020-04-29
34256.605,2020-04-30
30584.385,2020-05-01
33200.16,2020-05-02
34110.71,2020-05-03
37646.938,2020-05-04
37304.355,2020-05-05
38101.066,2020-05-06
38376.867,2020-05-07
33694.67,2020-05-08
33924.555,2020-05-09
31744.998,2020-05-10
33650.35,2020-05-11
42316.965,2020-05-12
40973.445,2020-05-13
38148.344,2020-05-14
38375.793,2020-05-15
35659.727,2020-05-16
33635.48,2020-05-17
38097.305,2020-05-18
38340.85,2020-05-19
39255.51,2020-05-20
34551.61,2020-05-21
35937.367,2020-05-22
30503.225,2020-05-23
31010.426,2020-05-24
36546.21,2020-05-25
37007.074,2020-05-26
37094.688,2020-05-27
35645.117,2020-05-28
34871.164,2020-05-29
32288.395,2020-05-30
29510.13,2020-05-31
31581.938,2020-06-01
38818.13,2020-06-02
38944.67,2020-06-03
37791.406,2020-06-04
34701.242,2020-06-05
30941.055,2020-06-06
34181.96,2020-06-07
37584.293,2020-06-08
38949.25,2020-06-09
41653.168,2020-06-10
40926.88,2020-06-11
38600.508,2020-06-12
34744.07,2020-06-13
33458.11,2020-06-14
38807.887,2020-06-15
40898.746,2020-06-16
41882.938,2020-06-17
41429.27,2020-06-18
40545.383,2020-06-19
36490.277,2020-06-20
32490.31,2020-06-21
40010.438,2020-06-22
40998.098,2020-06-23
41236.77,2020-06-24
41915.21,2020-06-25
41633.215,2020-06-26
34224.28,2020-06-27
31596.008,2020-06-28
37465.457,2020-06-29
39793.094,2020-06-30
39611.05,2020-07-01
40157.625,2020-07-02
39286.527,2020-07-03
33119.883,2020-07-04
29305.459,2020-07-05
37007.11,2020-07-06
40940.04,2020-07-07
41470.64,2020-07-08
40803.918,2020-07-09
39920.816,2020-07-10
35591.844,2020-07-11
32607.855,2020-07-12
38309.254,2020-07-13
35305.92,2020-07-14
39981.72,2020-07-15
41875.016,2020-07-16
41942.54,2020-07-17
37783.793,2020-07-18
35630.695,2020-07-19
38972.406,2020-07-20
39912.266,2020-07-21
42005.434,2020-07-22
43104.168,2020-07-23
40735.14,2020-07-24
35956.555,2020-07-25
32324.725,2020-07-26
36923.508,2020-07-27
39469.562,2020-07-28
42958.02,2020-07-29
42691.445,2020-07-30
41097.13,2020-07-31
36158.02,2020-08-01
32468.96,2020-08-02
36330.133,2020-08-03
38914.39,2020-08-04
39254.105,2020-08-05
40147.47,2020-08-06
40176.78,2020-08-07
37182.78,2020-08-08
35057.773,2020-08-09
40290.35,2020-08-10
40668.17,2020-08-11
40911.152,2020-08-12
39916.72,2020-08-13
38407.875,2020-08-14
34971.277,2020-08-15
33838.63,2020-08-16
37902.914,2020-08-17
40485.293,2020-08-18
38261.758,2020-08-19
38526.016,2020-08-20
36591.516,2020-08-21
32846.445,2020-08-22
31194.72,2020-08-23
39202.35,2020-08-24
35760.188,2020-08-25
37003.188,2020-08-26
39665.54,2020-08-27
37737.867,2020-08-28
35282.977,2020-08-29
32180.396,2020-08-30
39298.89,2020-08-31
40668.387,2020-09-01
42094.79,2020-09-02
41407.043,2020-09-03
41507.793,2020-09-04
35797.938,2020-09-05
34202.562,2020-09-06
39866.38,2020-09-07
41861.5,2020-09-08
42397.676,2020-09-09
42289.258,2020-09-10
42434.586,2020-09-11
37769.633,2020-09-12
35475.707,2020-09-13
41142.164,2020-09-14
43230.78,2020-09-15
43147.004,2020-09-16
39207.92,2020-09-17
37952.71,2020-09-18
36357.76,2020-09-19
35357.41,2020-09-20
42736.613,2020-09-21
43657.258,2020-09-22
41009.195,2020-09-23
37948.574,2020-09-24
35591.574,2020-09-25
32308.695,2020-09-26
32646.77,2020-09-27
43611.312,2020-09-28
46664.414,2020-09-29
44324.473,2020-09-30
42525.047,2020-10-01
42135.195,2020-10-02
38889.684,2020-10-03
34315.395,2020-10-04
40825.945,2020-10-05
41794.832,2020-10-06
43829.87,2020-10-07
41766.055,2020-10-08
44770.49,2020-10-09
40773.406,2020-10-10
38935.156,2020-10-11
49379.832,2020-10-12
51090.918,2020-10-13
50353.582,2020-10-14
51696.926,2020-10-15
52138.023,2020-10-16
49610.434,2020-10-17
46255.242,2020-10-18
49260.68,2020-10-19
44947.26,2020-10-20
41658.01,2020-10-21
45397.125,2020-10-22
45867.285,2020-10-23
37814.49,2020-10-24
37309.355,2020-10-25
46174.3,2020-10-26
47405.86,2020-10-27
45291.508,2020-10-28
46241.695,2020-10-29
46629.168,2020-10-30
39800.188,2020-10-31
33390.383,2020-11-01
40449.03,2020-11-02
47174.066,2020-11-03
52920.387,2020-11-04
53668.043,2020-11-05
49985.62,2020-11-06
44432.47,2020-11-07
41961.555,2020-11-08
47223.47,2020-11-09
50033.65,2020-11-10
44952.66,2020-11-11
47433.14,2020-11-12
47687.715,2020-11-13
40873.055,2020-11-14
33981.523,2020-11-15
45467.81,2020-11-16
50581.438,2020-11-17
49599.637,2020-11-18
47296.418,2020-11-19
54676.71,2020-11-20
53435.098,2020-11-21
53855.1,2020-11-22
59286.9,2020-11-23
60409.9,2020-11-24
57470.996,2020-11-25
58105.39,2020-11-26
57175.67,2020-11-27
51159.87,2020-11-28
51041.34,2020-11-29
65492.57,2020-11-30
62733.348,2020-12-01
65711.78,2020-12-02
60296.383,2020-12-03
60217.297,2020-12-04
58048.496,2020-12-05
58549.91,2020-12-06
67880.78,2020-12-07
68249.88,2020-12-08
69093.664,2020-12-09
66366.734,2020-12-10
60415.164,2020-12-11
53937.96,2020-12-12
53258.55,2020-12-13
57640.97,2020-12-14
58822.547,2020-12-15
57739.01,2020-12-16
58096.02,2020-12-17
56584.984,2020-12-18
48345.41,2020-12-19
48605.766,2020-12-20
50286.047,2020-12-21
49125.938,2020-12-22
47327.14,2020-12-23
46648.062,2020-12-24
49936.66,2020-12-25
52811.793,2020-12-26
50304.57,2020-12-27
57978.516,2020-12-28
59737.71,2020-12-29
61518.723,2020-12-30
61533.504,2020-12-31
62020.88,2021-01-01
65221.082,2021-01-02
65807.38,2021-01-03
73102.48,2021-01-04
75519.04,2021-01-05
76116.36,2021-01-06
76833.61,2021-01-07
76341.58,2021-01-08
69907.6,2021-01-09
68444.94,2021-01-10
75109.516,2021-01-11
67809.0,2021-01-12
66158.19,2021-01-13
61674.04,2021-01-14
65185.49,2021-01-15
67354.79,2021-01-16
61918.562,2021-01-17
68796.05,2021-01-18
65073.645,2021-01-19
56396.973,2021-01-20
55191.85,2021-01-21
60376.7,2021-01-22
59046.16,2021-01-23
60454.42,2021-01-24
67684.8,2021-01-25
71711.08,2021-01-26
66380.52,2021-01-27
56288.15,2021-01-28
50326.113,2021-01-29
49047.1,2021-01-30
51599.414,2021-01-31
57933.484,2021-02-01
52821.168,2021-02-02
50274.934,2021-02-03
58027.98,2021-02-04
58879.703,2021-02-05
52918.57,2021-02-06
53410.37,2021-02-07
67900.445,2021-02-08
68900.48,2021-02-09
68772.79,2021-02-10
70466.57,2021-02-11
69280.45,2021-02-12
67381.27,2021-02-13
62798.484,2021-02-14
63783.973,2021-02-15
59647.082,2021-02-16
55602.156,2021-02-17
54973.723,2021-02-18
55089.824,2021-02-19
43783.297,2021-02-20
42123.76,2021-02-21
53055.668,2021-02-22
49006.242,2021-02-23
48126.918,2021-02-24
51022.89,2021-02-25
51856.0,2021-02-26
48044.07,2021-02-27
45441.35,2021-02-28
52756.254,2021-03-01
54476.773,2021-03-02
54698.367,2021-03-03
55541.816,2021-03-04
54594.99,2021-03-05
51356.46,2021-03-06
52064.406,2021-03-07
60151.387,2021-03-08
60641.508,2021-03-09
57366.36,2021-03-10
47460.125,2021-03-11
47865.6,2021-03-12
41587.836,2021-03-13
42651.727,2021-03-14
50880.305,2021-03-15
55653.875,2021-03-16
53709.445,2021-03-17
58225.94,2021-03-18
55245.004,2021-03-19
53764.664,2021-03-20
50290.195,2021-03-21
58693.8,2021-03-22
57824.55,2021-03-23
54770.746,2021-03-24
53555.824,2021-03-25
50841.727,2021-03-26
43931.52,2021-03-27
42686.996,2021-03-28
46737.46,2021-03-29
45511.98,2021-03-30
44582.332,2021-03-31
42896.914,2021-04-01
37799.516,2021-04-02
35150.81,2021-04-03
40665.46,2021-04-04
41656.746,2021-04-05
48696.027,2021-04-06
53819.438,2021-04-07
55739.797,2021-04-08
50815.562,2021-04-09
43913.062,2021-04-10
42738.766,2021-04-11
51838.914,2021-04-12
53601.633,2021-04-13
52576.383,2021-04-14
51497.31,2021-04-15
51215.883,2021-04-16
45831.28,2021-04-17
44370.188,2021-04-18
49636.285,2021-04-19
49665.086,2021-04-20
47687.87,2021-04-21
43099.723,2021-04-22
40803.805,2021-04-23
35525.406,2021-04-24
31166.773,2021-04-25
39126.89,2021-04-26
44566.742,2021-04-27
46565.555,2021-04-28
45988.906,2021-04-29
48622.816,2021-04-30
42826.793,2021-05-01
41917.926,2021-05-02
44811.39,2021-05-03
39649.836,2021-05-04
42151.523,2021-05-05
45396.184,2021-05-06
45980.316,2021-05-07
35559.793,2021-05-08
30031.492,2021-05-09
39405.594,2021-05-10
42519.863,2021-05-11
43178.074,2021-05-12
38184.164,2021-05-13
41092.11,2021-05-14
35216.64,2021-05-15
33690.86,2021-05-16
36648.777,2021-05-17
43411.703,2021-05-18
44142.242,2021-05-19
41398.055,2021-05-20
37391.14,2021-05-21
33333.625,2021-05-22
31980.328,2021-05-23
33435.91,2021-05-24
37444.633,2021-05-25
41312.77,2021-05-26
44317.38,2021-05-27
41638.605,2021-05-28
35709.523,2021-05-29
32026.074,2021-05-30
37940.582,2021-05-31
39475.855,2021-06-01
40702.39,2021-06-02
42259.113,2021-06-03
41133.797,2021-06-04
36065.18,2021-06-05
33178.086,2021-06-06
40035.88,2021-06-07
41379.08,2021-06-08
41925.67,2021-06-09
42218.37,2021-06-10
41431.46,2021-06-11
36458.61,2021-06-12
34493.215,2021-06-13
42211.582,2021-06-14
43738.887,2021-06-15
43843.312,2021-06-16
42872.7,2021-06-17
40538.383,2021-06-18
36600.156,2021-06-19
34371.098,2021-06-20
40415.984,2021-06-21
40783.29,2021-06-22
41890.89,2021-06-23
41876.742,2021-06-24
42006.824,2021-06-25
37552.016,2021-06-26
35307.133,2021-06-27
41799.0,2021-06-28
42021.23,2021-06-29
41739.887,2021-06-30
42190.52,2021-07-01
42524.547,2021-07-02
37786.125,2021-07-03
34646.645,2021-07-04
39437.344,2021-07-05
38029.64,2021-07-06
41193.504,2021-07-07
41407.027,2021-07-08
42129.17,2021-07-09
37635.266,2021-07-10
35451.36,2021-07-11
39801.69,2021-07-12
38710.555,2021-07-13
33407.484,2021-07-14
36506.21,2021-07-15
38733.906,2021-07-16
34381.03,2021-07-17
31842.455,2021-07-18
39689.082,2021-07-19
41658.203,2021-07-20
42462.844,2021-07-21
42349.41,2021-07-22
39840.09,2021-07-23
36248.25,2021-07-24
34281.902,2021-07-25
39756.523,2021-07-26
41389.152,2021-07-27
39291.22,2021-07-28
39693.117,2021-07-29
37111.54,2021-07-30
32852.39,2021-07-31
31948.053,2021-08-01
37744.477,2021-08-02
40365.695,2021-08-03
39786.67,2021-08-04
37054.832,2021-08-05
33882.332,2021-08-06
29583.766,2021-08-07
29188.574,2021-08-08
35939.824,2021-08-09
38879.977,2021-08-10
39114.84,2021-08-11
39006.12,2021-08-12
38807.684,2021-08-13
36005.36,2021-08-14
32417.207,2021-08-15
34018.125,2021-08-16
36561.938,2021-08-17
38185.992,2021-08-18
39073.61,2021-08-19
39335.7,2021-08-20
35459.305,2021-08-21
32636.543,2021-08-22
37471.58,2021-08-23
36602.39,2021-08-24
37074.902,2021-08-25
37649.79,2021-08-26
37067.07,2021-08-27
33399.56,2021-08-28
32018.992,2021-08-29
37387.598,2021-08-30
38247.844,2021-08-31
37670.816,2021-09-01
38524.85,2021-09-02
40974.895,2021-09-03
37895.832,2021-09-04
35879.164,2021-09-05
41625.848,2021-09-06
41577.57,2021-09-07
41905.324,2021-09-08
42730.312,2021-09-09
41750.742,2021-09-10
37900.605,2021-09-11
35525.4,2021-09-12
41108.832,2021-09-13
43310.84,2021-09-14
43553.188,2021-09-15
43783.844,2021-09-16
43378.67,2021-09-17
37649.37,2021-09-18
33780.277,2021-09-19
40746.25,2021-09-20
41911.74,2021-09-21
43179.44,2021-09-22
42850.895,2021-09-23
42069.57,2021-09-24
38222.293,2021-09-25
34932.977,2021-09-26
38626.73,2021-09-27
42075.9,2021-09-28
39720.145,2021-09-29
42371.47,2021-09-30
41572.676,2021-10-01
33127.46,2021-10-02
31633.072,2021-10-03
41640.09,2021-10-04
39268.996,2021-10-05
41577.773,2021-10-06
45841.453,2021-10-07
44363.15,2021-10-08
40078.2,2021-10-09
38159.04,2021-10-10
45253.625,2021-10-11
47080.586,2021-10-12
48565.426,2021-10-13
49408.996,2021-10-14
48986.457,2021-10-15
43891.82,2021-10-16
41481.297,2021-10-17
46654.42,2021-10-18
43931.24,2021-10-19
38157.21,2021-10-20
38882.72,2021-10-21
47790.406,2021-10-22
44979.723,2021-10-23
42497.605,2021-10-24
48872.473,2021-10-25
48790.27,2021-10-26
48973.74,2021-10-27
46049.83,2021-10-28
43801.164,2021-10-29
41116.766,2021-10-30
35842.445,2021-10-31
38274.156,2021-11-01
49553.832,2021-11-02
53435.78,2021-11-03
54677.62,2021-11-04
56788.64,2021-11-05
53077.0,2021-11-06
48856.902,2021-11-07
55370.418,2021-11-08
59858.65,2021-11-09
61359.02,2021-11-10
55144.293,2021-11-11
56770.957,2021-11-12
49785.75,2021-11-13
47594.457,2021-11-14
55358.42,2021-11-15
60866.72,2021-11-16
60256.234,2021-11-17
60209.652,2021-11-18
59713.742,2021-11-19
56107.934,2021-11-20
53623.008,2021-11-21
58165.996,2021-11-22
61933.72,2021-11-23
64728.145,2021-11-24
66287.47,2021-11-25
63791.848,2021-11-26
57317.97,2021-11-27
56028.16,2021-11-28
68911.84,2021-11-29
63631.332,2021-11-30
59260.113,2021-12-01
62426.75,2021-12-02
64908.94,2021-12-03
53343.613,2021-12-04
54946.18,2021-12-05
64674.816,2021-12-06
60887.344,2021-12-07
63844.652,2021-12-08
66189.08,2021-12-09
60600.9,2021-12-10
61720.617,2021-12-11
57575.402,2021-12-12
64497.734,2021-12-13
67874.07,2021-12-14
67450.11,2021-12-15
65341.47,2021-12-16
64048.27,2021-12-17
58845.9,2021-12-18
59320.684,2021-12-19
67001.19,2021-12-20
70394.55,2021-12-21
71769.47,2021-12-22
65112.605,2021-12-23
58584.504,2021-12-24
51299.594,2021-12-25
50430.3,2021-12-26
51313.895,2021-12-27
45455.484,2021-12-28
45131.297,2021-12-29
45638.395,2021-12-30
47488.027,2021-12-31
44141.1,2022-01-01
43091.79,2022-01-02
51774.25,2022-01-03
52573.08,2022-01-04
59071.11,2022-01-05
65299.473,2022-01-06
62746.707,2022-01-07
52975.582,2022-01-08
54714.516,2022-01-09
66193.195,2022-01-10
69917.44,2022-01-11
72168.3,2022-01-12
72908.21,2022-01-13
74346.05,2022-01-14
71315.59,2022-01-15
67788.336,2022-01-16
71885.89,2022-01-17
72065.38,2022-01-18
69987.26,2022-01-19
68848.28,2022-01-20
69872.766,2022-01-21
66613.53,2022-01-22
64197.133,2022-01-23
71860.586,2022-01-24
74956.53,2022-01-25
75565.67,2022-01-26
73383.555,2022-01-27
71619.39,2022-01-28
59859.19,2022-01-29
58150.605,2022-01-30
57661.633,2022-01-31
60466.24,2022-02-01
59921.18,2022-02-02
62461.484,2022-02-03
59466.938,2022-02-04
55756.96,2022-02-05
46640.21,2022-02-06
56849.652,2022-02-07
60092.957,2022-02-08
60297.48,2022-02-09
59876.414,2022-02-10
61930.59,2022-02-11
59563.973,2022-02-12
48045.754,2022-02-13
53883.152,2022-02-14
56790.35,2022-02-15
49898.887,2022-02-16
47082.914,2022-02-17
46462.46,2022-02-18
45941.613,2022-02-19
41331.617,2022-02-20
49096.703,2022-02-21
52510.13,2022-02-22
57970.05,2022-02-23
52505.03,2022-02-24
56036.977,2022-02-25
52077.812,2022-02-26
50867.906,2022-02-27
58671.727,2022-02-28
59245.25,2022-03-01
59570.25,2022-03-02
59287.11,2022-03-03
57180.375,2022-03-04
53941.44,2022-03-05
51503.13,2022-03-06
60071.6,2022-03-07
59921.984,2022-03-08
57160.06,2022-03-09
55169.81,2022-03-10
50441.023,2022-03-11
46635.28,2022-03-12
46298.6,2022-03-13
54242.88,2022-03-14
53106.414,2022-03-15
53118.97,2022-03-16
52756.098,2022-03-17
49137.03,2022-03-18
41357.68,2022-03-19
44897.777,2022-03-20
49239.215,2022-03-21
48239.586,2022-03-22
49373.086,2022-03-23
49365.914,2022-03-24
45797.453,2022-03-25
38466.812,2022-03-26
38405.426,2022-03-27
45738.492,2022-03-28
47575.93,2022-03-29
49522.87,2022-03-30
48216.227,2022-03-31
51024.49,2022-04-01
52813.055,2022-04-02
55986.08,2022-04-03
55030.92,2022-04-04
51924.363,2022-04-05
50130.67,2022-04-06
43511.152,2022-04-07
46974.746,2022-04-08
48511.625,2022-04-09
45789.4,2022-04-10
44778.984,2022-04-11
45519.55,2022-04-12
48690.633,2022-04-13
45067.46,2022-04-14
43692.14,2022-04-15
35466.44,2022-04-16
33466.094,2022-04-17
35257.094,2022-04-18
41044.605,2022-04-19
43992.215,2022-04-20
43613.875,2022-04-21
42339.234,2022-04-22
36213.43,2022-04-23
35906.73,2022-04-24
42510.613,2022-04-25
42427.6,2022-04-26
40870.44,2022-04-27
39874.85,2022-04-28
41026.242,2022-04-29
35498.41,2022-04-30
34486.066,2022-05-01
41187.273,2022-05-02
41725.72,2022-05-03
43586.785,2022-05-04
43408.824,2022-05-05
40969.676,2022-05-06
35891.15,2022-05-07
30913.486,2022-05-08
40082.99,2022-05-09
40932.332,2022-05-10
37838.4,2022-05-11
40572.35,2022-05-12
40606.17,2022-05-13
35928.4,2022-05-14
32614.2,2022-05-15
38866.867,2022-05-16
40622.89,2022-05-17
40726.38,2022-05-18
40775.773,2022-05-19
38014.5,2022-05-20
35401.42,2022-05-21
34477.543,2022-05-22
37932.36,2022-05-23
38116.805,2022-05-24
37748.54,2022-05-25
32659.912,2022-05-26
35743.215,2022-05-27
30422.152,2022-05-28
29518.508,2022-05-29
39727.484,2022-05-30
40293.934,2022-05-31
40481.746,2022-06-01
39552.254,2022-06-02
39432.348,2022-06-03
35164.816,2022-06-04
31644.941,2022-06-05
32598.096,2022-06-06
36742.69,2022-06-07
37305.78,2022-06-08
37222.57,2022-06-09
39682.523,2022-06-10
35741.844,2022-06-11
33875.16,2022-06-12
38546.6,2022-06-13
41227.113,2022-06-14
41666.65,2022-06-15
43124.535,2022-06-16
42890.414,2022-06-17
36556.35,2022-06-18
31038.404,2022-06-19
38683.484,2022-06-20
41239.49,2022-06-21
42398.52,2022-06-22
42225.297,2022-06-23
39899.535,2022-06-24
35539.508,2022-06-25
34258.03,2022-06-26
40896.22,2022-06-27
41088.395,2022-06-28
41338.664,2022-06-29
41596.18,2022-06-30
41203.527,2022-07-01
35976.984,2022-07-02
33565.664,2022-07-03
39924.875,2022-07-04
40343.82,2022-07-05
39725.227,2022-07-06
38583.754,2022-07-07
38849.516,2022-07-08
34894.72,2022-07-09
31845.816,2022-07-10
39408.684,2022-07-11
43020.68,2022-07-12
43625.79,2022-07-13
36846.316,2022-07-14
39149.723,2022-07-15
34963.895,2022-07-16
33401.58,2022-07-17
41466.777,2022-07-18
41401.227,2022-07-19
42754.65,2022-07-20
42539.98,2022-07-21
42197.062,2022-07-22
38276.344,2022-07-23
35792.723,2022-07-24
37774.03,2022-07-25
40187.523,2022-07-26
40412.344,2022-07-27
40867.363,2022-07-28
40863.95,2022-07-29
35752.695,2022-07-30
31425.004,2022-07-31
38633.582,2022-08-01
40318.87,2022-08-02
40909.055,2022-08-03
40098.273,2022-08-04
36717.105,2022-08-05
30468.125,2022-08-06
28794.1,2022-08-07
34149.766,2022-08-08
34222.76,2022-08-09
35090.63,2022-08-10
36289.164,2022-08-11
36628.574,2022-08-12
34156.902,2022-08-13
31795.72,2022-08-14
31754.803,2022-08-15
37544.145,2022-08-16
38450.938,2022-08-17
37563.617,2022-08-18
35501.67,2022-08-19
33745.082,2022-08-20
33076.734,2022-08-21
38196.06,2022-08-22
40183.168,2022-08-23
41039.41,2022-08-24
39883.504,2022-08-25
38675.867,2022-08-26
34871.293,2022-08-27
31204.701,2022-08-28
37464.633,2022-08-29
40043.992,2022-08-30
40025.938,2022-08-31
40898.5,2022-09-01
